{
  "bands": [
    "B02",
    "B03",
    "B04",
    "B08"
  ],
  "mean": [
    0.1822512149810791,
    0.2029588669538498,
    0.2113841474056244,
    0.33724963665008545
  ],
  "std": [
    0.04899340495467186,
    0.05109856650233269,
    0.060710541903972626,
    0.08461727946996689
  ],
  "tile_size": 256
}